image_path,true_label,predicted_label,confidence,correct
/Users/afrazrupak/CarProject_dev/car_project_dev/yolo_cls_car_makes_front_rear/test/audi/301_8845d7758c0633.jpg,audi,audi,0.9998032450675964,True
/Users/afrazrupak/CarProject_dev/car_project_dev/yolo_cls_car_makes_front_rear/test/audi/279_41f40783bfe51e.jpg,audi,audi,1.0,True
/Users/afrazrupak/CarProject_dev/car_project_dev/yolo_cls_car_makes_front_rear/test/audi/125_7769458b557e1d.jpg,audi,audi,0.9999991655349731,True
/Users/afrazrupak/CarProject_dev/car_project_dev/yolo_cls_car_makes_front_rear/test/audi/309_c439430d8be9da.jpg,audi,audi,0.9999997615814209,True
/Users/afrazrupak/CarProject_dev/car_project_dev/yolo_cls_car_makes_front_rear/test/audi/327_0e18a828db4c23.jpg,audi,audi,0.9848799705505371,True
/Users/afrazrupak/CarProject_dev/car_project_dev/yolo_cls_car_makes_front_rear/test/audi/174_da2cbfbbc72a81.jpg,audi,audi,1.0,True
/Users/afrazrupak/CarProject_dev/car_project_dev/yolo_cls_car_makes_front_rear/test/audi/44_63a08ee2eaa404.jpg,audi,audi,0.9994534850120544,True
/Users/afrazrupak/CarProject_dev/car_project_dev/yolo_cls_car_makes_front_rear/test/audi/114_963bbec740c694.jpg,audi,audi,1.0,True
/Users/afrazrupak/CarProject_dev/car_project_dev/yolo_cls_car_makes_front_rear/test/audi/15_bd93fbe63366cd.jpg,audi,audi,0.9999984502792358,True
/Users/afrazrupak/CarProject_dev/car_project_dev/yolo_cls_car_makes_front_rear/test/audi/16_9eca4a93af3f48.jpg,audi,audi,0.9999996423721313,True
/Users/afrazrupak/CarProject_dev/car_project_dev/yolo_cls_car_makes_front_rear/test/audi/71_8c3bb2a216fb7b.jpg,audi,audi,0.9999997615814209,True
/Users/afrazrupak/CarProject_dev/car_project_dev/yolo_cls_car_makes_front_rear/test/audi/258_8f7b25373de692.jpg,audi,audi,1.0,True
/Users/afrazrupak/CarProject_dev/car_project_dev/yolo_cls_car_makes_front_rear/test/audi/112_5f81445c63f59d.jpg,audi,audi,0.9980725049972534,True
/Users/afrazrupak/CarProject_dev/car_project_dev/yolo_cls_car_makes_front_rear/test/audi/328_3e38ffbc8ed552.jpg,audi,audi,0.9998499155044556,True
/Users/afrazrupak/CarProject_dev/car_project_dev/yolo_cls_car_makes_front_rear/test/audi/101_7799d0defae234.jpg,audi,audi,0.998536229133606,True
/Users/afrazrupak/CarProject_dev/car_project_dev/yolo_cls_car_makes_front_rear/test/audi/325_756c6f60b58af9.jpg,audi,audi,0.9993290901184082,True
/Users/afrazrupak/CarProject_dev/car_project_dev/yolo_cls_car_makes_front_rear/test/audi/142_9bbca741f78d1f.jpg,audi,audi,0.9999889135360718,True
/Users/afrazrupak/CarProject_dev/car_project_dev/yolo_cls_car_makes_front_rear/test/audi/3_071c428717ceca.jpg,audi,audi,0.9999606609344482,True
/Users/afrazrupak/CarProject_dev/car_project_dev/yolo_cls_car_makes_front_rear/test/audi/214_52da482d91a953.jpg,audi,audi,0.9999561309814453,True
/Users/afrazrupak/CarProject_dev/car_project_dev/yolo_cls_car_makes_front_rear/test/audi/13_03277b54c140cc.jpg,audi,audi,1.0,True
/Users/afrazrupak/CarProject_dev/car_project_dev/yolo_cls_car_makes_front_rear/test/audi/140_173747ce222432.jpg,audi,audi,0.9999085664749146,True
/Users/afrazrupak/CarProject_dev/car_project_dev/yolo_cls_car_makes_front_rear/test/audi/216_2beb3657cab04b.jpg,audi,audi,0.9999958276748657,True
/Users/afrazrupak/CarProject_dev/car_project_dev/yolo_cls_car_makes_front_rear/test/audi/302_fcd3819d864a66.jpg,audi,audi,0.9999747276306152,True
/Users/afrazrupak/CarProject_dev/car_project_dev/yolo_cls_car_makes_front_rear/test/audi/52_0bfe7610dcfc61.jpg,audi,audi,0.9999971389770508,True
/Users/afrazrupak/CarProject_dev/car_project_dev/yolo_cls_car_makes_front_rear/test/audi/12_2d7c992c1d6f4b.jpg,audi,audi,0.9995298385620117,True
/Users/afrazrupak/CarProject_dev/car_project_dev/yolo_cls_car_makes_front_rear/test/audi/119_84a850c38b416f.jpg,audi,audi,1.0,True
/Users/afrazrupak/CarProject_dev/car_project_dev/yolo_cls_car_makes_front_rear/test/audi/287_df448caff09fb4.jpg,audi,audi,0.9999246597290039,True
/Users/afrazrupak/CarProject_dev/car_project_dev/yolo_cls_car_makes_front_rear/test/audi/229_db2533b65c843e.jpg,audi,audi,0.9999998807907104,True
/Users/afrazrupak/CarProject_dev/car_project_dev/yolo_cls_car_makes_front_rear/test/audi/57_e31cc6de5b1885.jpg,audi,audi,0.9999467134475708,True
/Users/afrazrupak/CarProject_dev/car_project_dev/yolo_cls_car_makes_front_rear/test/audi/47_089092b43b71c2.jpg,audi,audi,0.9999994039535522,True
/Users/afrazrupak/CarProject_dev/car_project_dev/yolo_cls_car_makes_front_rear/test/audi/81_f0cd206ff22909.jpg,audi,audi,0.9999862909317017,True
/Users/afrazrupak/CarProject_dev/car_project_dev/yolo_cls_car_makes_front_rear/test/audi/308_7ff368a5632014.jpg,audi,audi,0.9999991655349731,True
/Users/afrazrupak/CarProject_dev/car_project_dev/yolo_cls_car_makes_front_rear/test/audi/111_8b4e5721dce132.jpg,audi,audi,0.999995231628418,True
/Users/afrazrupak/CarProject_dev/car_project_dev/yolo_cls_car_makes_front_rear/test/benz/490_21217d924f4cfa.jpg,benz,benz,0.9998164772987366,True
/Users/afrazrupak/CarProject_dev/car_project_dev/yolo_cls_car_makes_front_rear/test/benz/671_c355e43068552c.jpg,benz,benz,0.9652838110923767,True
/Users/afrazrupak/CarProject_dev/car_project_dev/yolo_cls_car_makes_front_rear/test/benz/620_7e353a69398f22.jpg,benz,benz,0.9865111112594604,True
/Users/afrazrupak/CarProject_dev/car_project_dev/yolo_cls_car_makes_front_rear/test/benz/390_f044a521dc0f30.jpg,benz,benz,0.9999938011169434,True
/Users/afrazrupak/CarProject_dev/car_project_dev/yolo_cls_car_makes_front_rear/test/benz/721_baf71b0127f7d2.jpg,benz,benz,0.993975818157196,True
/Users/afrazrupak/CarProject_dev/car_project_dev/yolo_cls_car_makes_front_rear/test/benz/612_cb03138a787dbd.jpg,benz,benz,0.999991774559021,True
/Users/afrazrupak/CarProject_dev/car_project_dev/yolo_cls_car_makes_front_rear/test/benz/446_6dfd9f5343db5e.jpg,benz,benz,0.9942451119422913,True
/Users/afrazrupak/CarProject_dev/car_project_dev/yolo_cls_car_makes_front_rear/test/benz/526_1fa19bfb17f6c3.jpg,benz,benz,0.9999872446060181,True
/Users/afrazrupak/CarProject_dev/car_project_dev/yolo_cls_car_makes_front_rear/test/benz/756_927bff75da6ed0.jpg,benz,benz,0.9999630451202393,True
/Users/afrazrupak/CarProject_dev/car_project_dev/yolo_cls_car_makes_front_rear/test/benz/388_43f399ad384057.jpg,benz,benz,1.0,True
/Users/afrazrupak/CarProject_dev/car_project_dev/yolo_cls_car_makes_front_rear/test/benz/760_05a7f8c09942a7.jpg,benz,benz,0.7300541996955872,True
/Users/afrazrupak/CarProject_dev/car_project_dev/yolo_cls_car_makes_front_rear/test/benz/571_2871694ce585ef.jpg,benz,benz,0.977380096912384,True
/Users/afrazrupak/CarProject_dev/car_project_dev/yolo_cls_car_makes_front_rear/test/benz/341_571690615ad29c.jpg,benz,benz,0.9999998807907104,True
/Users/afrazrupak/CarProject_dev/car_project_dev/yolo_cls_car_makes_front_rear/test/benz/766_178810f9918839.jpg,benz,benz,0.9999088048934937,True
/Users/afrazrupak/CarProject_dev/car_project_dev/yolo_cls_car_makes_front_rear/test/benz/667_7becfcef29c0ab.jpg,benz,benz,0.9997830986976624,True
/Users/afrazrupak/CarProject_dev/car_project_dev/yolo_cls_car_makes_front_rear/test/benz/539_4139ba1c242446.jpg,benz,benz,1.0,True
/Users/afrazrupak/CarProject_dev/car_project_dev/yolo_cls_car_makes_front_rear/test/benz/472_efefe91263095f.jpg,benz,benz,0.999997615814209,True
/Users/afrazrupak/CarProject_dev/car_project_dev/yolo_cls_car_makes_front_rear/test/benz/404_fff25fcc727d0b.jpg,benz,benz,0.999273955821991,True
/Users/afrazrupak/CarProject_dev/car_project_dev/yolo_cls_car_makes_front_rear/test/benz/374_b1ba2099eaba6b.jpg,benz,benz,0.9999991655349731,True
/Users/afrazrupak/CarProject_dev/car_project_dev/yolo_cls_car_makes_front_rear/test/benz/625_92ee8319b61e37.jpg,benz,benz,0.9999996423721313,True
/Users/afrazrupak/CarProject_dev/car_project_dev/yolo_cls_car_makes_front_rear/test/benz/761_6a122f84aa4bec.jpg,benz,benz,1.0,True
/Users/afrazrupak/CarProject_dev/car_project_dev/yolo_cls_car_makes_front_rear/test/benz/679_e3607c88157bab.jpg,benz,benz,0.999240517616272,True
/Users/afrazrupak/CarProject_dev/car_project_dev/yolo_cls_car_makes_front_rear/test/benz/607_f599642b4694a0.jpg,benz,benz,0.9999996423721313,True
/Users/afrazrupak/CarProject_dev/car_project_dev/yolo_cls_car_makes_front_rear/test/benz/515_1f54cfe9564a28.jpg,benz,benz,0.999998927116394,True
/Users/afrazrupak/CarProject_dev/car_project_dev/yolo_cls_car_makes_front_rear/test/benz/482_d56128ac236dea.jpg,benz,benz,0.9999539852142334,True
/Users/afrazrupak/CarProject_dev/car_project_dev/yolo_cls_car_makes_front_rear/test/benz/417_59b7fe9aad709a.jpg,benz,benz,0.9999864101409912,True
/Users/afrazrupak/CarProject_dev/car_project_dev/yolo_cls_car_makes_front_rear/test/benz/561_87bed4b6fb0a05.jpg,benz,benz,0.9671081304550171,True
/Users/afrazrupak/CarProject_dev/car_project_dev/yolo_cls_car_makes_front_rear/test/benz/655_caf5d0916c2049.jpg,benz,benz,0.9999861717224121,True
/Users/afrazrupak/CarProject_dev/car_project_dev/yolo_cls_car_makes_front_rear/test/benz/615_1a5f78a17a23d7.jpg,benz,benz,0.9994682669639587,True
/Users/afrazrupak/CarProject_dev/car_project_dev/yolo_cls_car_makes_front_rear/test/benz/498_39cb999677daf6.jpg,benz,benz,0.9995582699775696,True
/Users/afrazrupak/CarProject_dev/car_project_dev/yolo_cls_car_makes_front_rear/test/benz/678_b83afb7add9ba1.jpg,benz,benz,0.9900686144828796,True
/Users/afrazrupak/CarProject_dev/car_project_dev/yolo_cls_car_makes_front_rear/test/benz/497_1907324a081ca4.jpg,benz,benz,0.9999961853027344,True
/Users/afrazrupak/CarProject_dev/car_project_dev/yolo_cls_car_makes_front_rear/test/benz/459_81d8cf1e8f50a9.jpg,benz,benz,0.9997453093528748,True
/Users/afrazrupak/CarProject_dev/car_project_dev/yolo_cls_car_makes_front_rear/test/benz/372_55238a475e081e.jpg,benz,benz,0.9999443292617798,True
/Users/afrazrupak/CarProject_dev/car_project_dev/yolo_cls_car_makes_front_rear/test/benz/757_ef009d34895cad.jpg,benz,benz,1.0,True
/Users/afrazrupak/CarProject_dev/car_project_dev/yolo_cls_car_makes_front_rear/test/benz/703_879d6619a86c78.jpg,benz,benz,0.9999885559082031,True
/Users/afrazrupak/CarProject_dev/car_project_dev/yolo_cls_car_makes_front_rear/test/benz/462_abfb7183d8a017.jpg,benz,benz,0.9999998807907104,True
/Users/afrazrupak/CarProject_dev/car_project_dev/yolo_cls_car_makes_front_rear/test/benz/650_073ec12b7d5a5b.jpg,benz,benz,0.9999927282333374,True
/Users/afrazrupak/CarProject_dev/car_project_dev/yolo_cls_car_makes_front_rear/test/benz/680_23a56167777522.jpg,benz,benz,0.998898983001709,True
/Users/afrazrupak/CarProject_dev/car_project_dev/yolo_cls_car_makes_front_rear/test/benz/697_5a41b75114f8aa.jpg,benz,bmw,0.824992835521698,False
/Users/afrazrupak/CarProject_dev/car_project_dev/yolo_cls_car_makes_front_rear/test/benz/491_a5bfc6730e9c8a.jpg,benz,benz,0.9999926090240479,True
/Users/afrazrupak/CarProject_dev/car_project_dev/yolo_cls_car_makes_front_rear/test/benz/596_2eefc1176f0f2a.jpg,benz,benz,0.9999998807907104,True
/Users/afrazrupak/CarProject_dev/car_project_dev/yolo_cls_car_makes_front_rear/test/benz/764_1304ef0d6d5fd7.jpg,benz,benz,0.996088981628418,True
/Users/afrazrupak/CarProject_dev/car_project_dev/yolo_cls_car_makes_front_rear/test/benz/676_410d9478f0a669.jpg,benz,benz,0.9956323504447937,True
/Users/afrazrupak/CarProject_dev/car_project_dev/yolo_cls_car_makes_front_rear/test/bmw/1076_3eed3c1f9785b3.jpg,bmw,bmw,0.9998468160629272,True
/Users/afrazrupak/CarProject_dev/car_project_dev/yolo_cls_car_makes_front_rear/test/bmw/1130_53a1aa7153855b.jpg,bmw,bmw,0.9998899698257446,True
/Users/afrazrupak/CarProject_dev/car_project_dev/yolo_cls_car_makes_front_rear/test/bmw/1167_3550f7011ce0b9.jpg,bmw,bmw,0.9999948740005493,True
/Users/afrazrupak/CarProject_dev/car_project_dev/yolo_cls_car_makes_front_rear/test/bmw/1062_a07a3199918eb4.jpg,bmw,bmw,0.9999867677688599,True
/Users/afrazrupak/CarProject_dev/car_project_dev/yolo_cls_car_makes_front_rear/test/bmw/1038_5484f0d3de3e6c.jpg,bmw,bmw,0.9999916553497314,True
/Users/afrazrupak/CarProject_dev/car_project_dev/yolo_cls_car_makes_front_rear/test/bmw/1113_bb7a9f90274bbc.jpg,bmw,bmw,0.9999796152114868,True
/Users/afrazrupak/CarProject_dev/car_project_dev/yolo_cls_car_makes_front_rear/test/bmw/896_1915a6399abb5d.jpg,bmw,bmw,0.9999992847442627,True
/Users/afrazrupak/CarProject_dev/car_project_dev/yolo_cls_car_makes_front_rear/test/bmw/936_ef0dbe2a10d568.jpg,bmw,bmw,0.9999867677688599,True
/Users/afrazrupak/CarProject_dev/car_project_dev/yolo_cls_car_makes_front_rear/test/bmw/943_addd63ab2c3996.jpg,bmw,bmw,0.999987006187439,True
/Users/afrazrupak/CarProject_dev/car_project_dev/yolo_cls_car_makes_front_rear/test/bmw/1146_5e87dce3877f2f.jpg,bmw,bmw,0.9988768696784973,True
/Users/afrazrupak/CarProject_dev/car_project_dev/yolo_cls_car_makes_front_rear/test/bmw/914_8324763e23bb5a.jpg,bmw,bmw,0.9992967844009399,True
/Users/afrazrupak/CarProject_dev/car_project_dev/yolo_cls_car_makes_front_rear/test/bmw/994_a77f8e9f3acb1b.jpg,bmw,bmw,0.9999997615814209,True
/Users/afrazrupak/CarProject_dev/car_project_dev/yolo_cls_car_makes_front_rear/test/bmw/908_870e7c9d068c7e.jpg,bmw,bmw,0.9999998807907104,True
/Users/afrazrupak/CarProject_dev/car_project_dev/yolo_cls_car_makes_front_rear/test/bmw/861_12fdff76fc3bd9.jpg,bmw,bmw,0.9998817443847656,True
/Users/afrazrupak/CarProject_dev/car_project_dev/yolo_cls_car_makes_front_rear/test/bmw/1086_7536c8b2f0a510.jpg,bmw,bmw,1.0,True
/Users/afrazrupak/CarProject_dev/car_project_dev/yolo_cls_car_makes_front_rear/test/bmw/1020_23bbc610fa9844.jpg,bmw,bmw,0.9999921321868896,True
/Users/afrazrupak/CarProject_dev/car_project_dev/yolo_cls_car_makes_front_rear/test/bmw/1074_88526bc37845ed.jpg,bmw,bmw,0.9998577833175659,True
/Users/afrazrupak/CarProject_dev/car_project_dev/yolo_cls_car_makes_front_rear/test/bmw/895_836fc33709eb73.jpg,bmw,bmw,0.9999960660934448,True
/Users/afrazrupak/CarProject_dev/car_project_dev/yolo_cls_car_makes_front_rear/test/bmw/937_b793999be1ab59.jpg,bmw,bmw,0.9998039603233337,True
/Users/afrazrupak/CarProject_dev/car_project_dev/yolo_cls_car_makes_front_rear/test/bmw/864_9ab3792910da99.jpg,bmw,bmw,0.999993085861206,True
/Users/afrazrupak/CarProject_dev/car_project_dev/yolo_cls_car_makes_front_rear/test/bmw/993_21f2d4678b3836.jpg,bmw,bmw,0.9999724626541138,True
/Users/afrazrupak/CarProject_dev/car_project_dev/yolo_cls_car_makes_front_rear/test/bmw/1008_e41982a8b8612f.jpg,bmw,bmw,1.0,True
/Users/afrazrupak/CarProject_dev/car_project_dev/yolo_cls_car_makes_front_rear/test/bmw/965_fe0d38bc2758a6.jpg,bmw,bmw,0.9999837875366211,True
/Users/afrazrupak/CarProject_dev/car_project_dev/yolo_cls_car_makes_front_rear/test/bmw/1145_b1a6811113adc1.jpg,bmw,bmw,0.999998927116394,True
/Users/afrazrupak/CarProject_dev/car_project_dev/yolo_cls_car_makes_front_rear/test/bmw/785_903b814a88c108.jpg,bmw,bmw,1.0,True
/Users/afrazrupak/CarProject_dev/car_project_dev/yolo_cls_car_makes_front_rear/test/bmw/1009_8be37bf5181295.jpg,bmw,bmw,0.9999927282333374,True
/Users/afrazrupak/CarProject_dev/car_project_dev/yolo_cls_car_makes_front_rear/test/bmw/1133_232ba463952b76.jpg,bmw,bmw,0.9999945163726807,True
/Users/afrazrupak/CarProject_dev/car_project_dev/yolo_cls_car_makes_front_rear/test/bmw/1046_609ea38e2a3ed6.jpg,bmw,bmw,0.9999996423721313,True
/Users/afrazrupak/CarProject_dev/car_project_dev/yolo_cls_car_makes_front_rear/test/bmw/1024_ec634b7211dc2d.jpg,bmw,bmw,0.9999992847442627,True
/Users/afrazrupak/CarProject_dev/car_project_dev/yolo_cls_car_makes_front_rear/test/bmw/952_c57f31170f760f.jpg,bmw,bmw,0.9999974966049194,True
/Users/afrazrupak/CarProject_dev/car_project_dev/yolo_cls_car_makes_front_rear/test/bmw/1083_7697c3b5f21400.jpg,bmw,bmw,0.9999401569366455,True
/Users/afrazrupak/CarProject_dev/car_project_dev/yolo_cls_car_makes_front_rear/test/bmw/913_e0004deecfac67.jpg,bmw,bmw,0.9999792575836182,True
/Users/afrazrupak/CarProject_dev/car_project_dev/yolo_cls_car_makes_front_rear/test/bmw/909_102a033abab87a.jpg,bmw,bmw,0.9986009001731873,True
/Users/afrazrupak/CarProject_dev/car_project_dev/yolo_cls_car_makes_front_rear/test/bmw/1104_c806e8741f6b42.jpg,bmw,bmw,0.9999991655349731,True
/Users/afrazrupak/CarProject_dev/car_project_dev/yolo_cls_car_makes_front_rear/test/bmw/903_168944fd6fffa2.jpg,bmw,bmw,0.5877569913864136,True
/Users/afrazrupak/CarProject_dev/car_project_dev/yolo_cls_car_makes_front_rear/test/bmw/849_a2feae8910c07f.jpg,bmw,bmw,0.9999996423721313,True
/Users/afrazrupak/CarProject_dev/car_project_dev/yolo_cls_car_makes_front_rear/test/bmw/1001_75fe36892959bd.jpg,bmw,bmw,0.9999964237213135,True
/Users/afrazrupak/CarProject_dev/car_project_dev/yolo_cls_car_makes_front_rear/test/bmw/945_4931cdf0f6c8ea.jpg,bmw,bmw,0.9999672174453735,True
/Users/afrazrupak/CarProject_dev/car_project_dev/yolo_cls_car_makes_front_rear/test/bmw/879_2550055e0a45d1.jpg,bmw,bmw,0.9999995231628418,True
/Users/afrazrupak/CarProject_dev/car_project_dev/yolo_cls_car_makes_front_rear/test/bmw/1155_a5b192960b4a60.jpg,bmw,bmw,0.9999207258224487,True
/Users/afrazrupak/CarProject_dev/car_project_dev/yolo_cls_car_makes_front_rear/test/bmw/815_e3b7f48df837ab.jpg,bmw,bmw,0.999902606010437,True
/Users/afrazrupak/CarProject_dev/car_project_dev/yolo_cls_car_makes_front_rear/test/bmw/1018_eabc8d54646c0c.jpg,bmw,bmw,0.9999910593032837,True
/Users/afrazrupak/CarProject_dev/car_project_dev/yolo_cls_car_makes_front_rear/test/byd/1317_fa704bbb6e221d.jpg,byd,kia,0.5584259629249573,False
/Users/afrazrupak/CarProject_dev/car_project_dev/yolo_cls_car_makes_front_rear/test/byd/1255_58803958ba9b15.jpg,byd,byd,0.9946845173835754,True
/Users/afrazrupak/CarProject_dev/car_project_dev/yolo_cls_car_makes_front_rear/test/byd/1346_755e2fb76fda87.jpg,byd,audi,0.7290937304496765,False
/Users/afrazrupak/CarProject_dev/car_project_dev/yolo_cls_car_makes_front_rear/test/byd/1226_f1392894376eed.jpg,byd,byd,0.999982476234436,True
/Users/afrazrupak/CarProject_dev/car_project_dev/yolo_cls_car_makes_front_rear/test/byd/1249_5a7f60f9f01327.jpg,byd,byd,0.9754014015197754,True
/Users/afrazrupak/CarProject_dev/car_project_dev/yolo_cls_car_makes_front_rear/test/byd/1348_05f5a90c053ad4.jpg,byd,byd,0.9999988079071045,True
/Users/afrazrupak/CarProject_dev/car_project_dev/yolo_cls_car_makes_front_rear/test/byd/1287_76d89666c82548.jpg,byd,byd,0.9890133142471313,True
/Users/afrazrupak/CarProject_dev/car_project_dev/yolo_cls_car_makes_front_rear/test/byd/1334_99d2b5af2b4909.jpg,byd,hyundai,0.7389514446258545,False
/Users/afrazrupak/CarProject_dev/car_project_dev/yolo_cls_car_makes_front_rear/test/byd/1353_2291f35b114d93.jpg,byd,byd,0.9946578145027161,True
/Users/afrazrupak/CarProject_dev/car_project_dev/yolo_cls_car_makes_front_rear/test/byd/1236_3a5092ff83035c.jpg,byd,byd,0.9973135590553284,True
/Users/afrazrupak/CarProject_dev/car_project_dev/yolo_cls_car_makes_front_rear/test/byd/1210_e5bd85c47b3481.jpg,byd,byd,0.9999620914459229,True
/Users/afrazrupak/CarProject_dev/car_project_dev/yolo_cls_car_makes_front_rear/test/byd/1307_8e62f2f00e7ade.jpg,byd,byd,0.9994972944259644,True
/Users/afrazrupak/CarProject_dev/car_project_dev/yolo_cls_car_makes_front_rear/test/byd/1339_3be3b26db20556.jpg,byd,byd,0.9968459010124207,True
/Users/afrazrupak/CarProject_dev/car_project_dev/yolo_cls_car_makes_front_rear/test/byd/1364_a8a3d453be38f1.jpg,byd,byd,1.0,True
/Users/afrazrupak/CarProject_dev/car_project_dev/yolo_cls_car_makes_front_rear/test/byd/1233_bfcf0f834c5633.jpg,byd,byd,0.9810958504676819,True
/Users/afrazrupak/CarProject_dev/car_project_dev/yolo_cls_car_makes_front_rear/test/byd/1308_0089d1a792f6a6.jpg,byd,byd,0.9977394342422485,True
/Users/afrazrupak/CarProject_dev/car_project_dev/yolo_cls_car_makes_front_rear/test/byd/1356_896200f31c6449.jpg,byd,byd,0.9999963045120239,True
/Users/afrazrupak/CarProject_dev/car_project_dev/yolo_cls_car_makes_front_rear/test/byd/1234_d867591b1de88f.jpg,byd,byd,0.9955294728279114,True
/Users/afrazrupak/CarProject_dev/car_project_dev/yolo_cls_car_makes_front_rear/test/byd/1251_4588b67eb2c1b3.jpg,byd,byd,0.9995484948158264,True
/Users/afrazrupak/CarProject_dev/car_project_dev/yolo_cls_car_makes_front_rear/test/ford/1511_50bca69d6c4930.jpg,ford,ford,0.9998828172683716,True
/Users/afrazrupak/CarProject_dev/car_project_dev/yolo_cls_car_makes_front_rear/test/ford/1574_b68d514cfc66e9.jpg,ford,ford,0.9998462200164795,True
/Users/afrazrupak/CarProject_dev/car_project_dev/yolo_cls_car_makes_front_rear/test/ford/1523_f006571d4e6689.jpg,ford,ford,0.7879930138587952,True
/Users/afrazrupak/CarProject_dev/car_project_dev/yolo_cls_car_makes_front_rear/test/ford/1437_1d27919f2a74b1.jpg,ford,ford,1.0,True
/Users/afrazrupak/CarProject_dev/car_project_dev/yolo_cls_car_makes_front_rear/test/ford/1443_5f69d84ab04635.jpg,ford,ford,0.9999974966049194,True
/Users/afrazrupak/CarProject_dev/car_project_dev/yolo_cls_car_makes_front_rear/test/ford/1457_2d73c69e8fdcd6.jpg,ford,ford,0.5543742179870605,True
/Users/afrazrupak/CarProject_dev/car_project_dev/yolo_cls_car_makes_front_rear/test/ford/1571_f6471379f8d926.jpg,ford,hyundai,0.504402756690979,False
/Users/afrazrupak/CarProject_dev/car_project_dev/yolo_cls_car_makes_front_rear/test/ford/1428_e774e959ad8273.jpg,ford,ford,0.9918042421340942,True
/Users/afrazrupak/CarProject_dev/car_project_dev/yolo_cls_car_makes_front_rear/test/ford/1583_82613a9a62b2f8.jpg,ford,audi,0.9029253125190735,False
/Users/afrazrupak/CarProject_dev/car_project_dev/yolo_cls_car_makes_front_rear/test/ford/1581_83e817987ca0bc.jpg,ford,ford,0.9996902942657471,True
/Users/afrazrupak/CarProject_dev/car_project_dev/yolo_cls_car_makes_front_rear/test/ford/1577_5a6d56f54919a2.jpg,ford,ford,0.9905113577842712,True
/Users/afrazrupak/CarProject_dev/car_project_dev/yolo_cls_car_makes_front_rear/test/ford/1401_558cc37e83637a.jpg,ford,ford,0.9999948740005493,True
/Users/afrazrupak/CarProject_dev/car_project_dev/yolo_cls_car_makes_front_rear/test/ford/1410_8009a8319ab9cc.jpg,ford,ford,0.9999873638153076,True
/Users/afrazrupak/CarProject_dev/car_project_dev/yolo_cls_car_makes_front_rear/test/ford/1432_045ce4f68821f2.jpg,ford,ford,0.9999926090240479,True
/Users/afrazrupak/CarProject_dev/car_project_dev/yolo_cls_car_makes_front_rear/test/ford/1525_534c5c0fe1963a.jpg,ford,ford,0.5975763201713562,True
/Users/afrazrupak/CarProject_dev/car_project_dev/yolo_cls_car_makes_front_rear/test/ford/1417_7284aadda31f4e.jpg,ford,ford,0.9999798536300659,True
/Users/afrazrupak/CarProject_dev/car_project_dev/yolo_cls_car_makes_front_rear/test/ford/1406_b6b5b0bbb1b7bb.jpg,ford,ford,1.0,True
/Users/afrazrupak/CarProject_dev/car_project_dev/yolo_cls_car_makes_front_rear/test/ford/1379_29577c5fca5928.jpg,ford,ford,0.9999715089797974,True
/Users/afrazrupak/CarProject_dev/car_project_dev/yolo_cls_car_makes_front_rear/test/ford/1376_61c12b9c980952.jpg,ford,ford,1.0,True
/Users/afrazrupak/CarProject_dev/car_project_dev/yolo_cls_car_makes_front_rear/test/ford/1373_cd004f0de08563.jpg,ford,ford,0.9942800998687744,True
/Users/afrazrupak/CarProject_dev/car_project_dev/yolo_cls_car_makes_front_rear/test/ford/1542_88b8d40ff3d037.jpg,ford,ford,1.0,True
/Users/afrazrupak/CarProject_dev/car_project_dev/yolo_cls_car_makes_front_rear/test/honda/1718_990ff66f0f7d40.jpg,honda,honda,0.9880011677742004,True
/Users/afrazrupak/CarProject_dev/car_project_dev/yolo_cls_car_makes_front_rear/test/honda/1620_16de15fc1588f0.jpg,honda,honda,0.9999997615814209,True
/Users/afrazrupak/CarProject_dev/car_project_dev/yolo_cls_car_makes_front_rear/test/honda/1680_e606f239b2788e.jpg,honda,honda,0.9676075577735901,True
/Users/afrazrupak/CarProject_dev/car_project_dev/yolo_cls_car_makes_front_rear/test/honda/1726_dfb54164e0dd80.jpg,honda,bmw,0.9402164220809937,False
/Users/afrazrupak/CarProject_dev/car_project_dev/yolo_cls_car_makes_front_rear/test/honda/1687_7b57d1febbe1c9.jpg,honda,honda,0.9999873638153076,True
/Users/afrazrupak/CarProject_dev/car_project_dev/yolo_cls_car_makes_front_rear/test/honda/1717_3e56c375c838ee.jpg,honda,honda,0.9999493360519409,True
/Users/afrazrupak/CarProject_dev/car_project_dev/yolo_cls_car_makes_front_rear/test/honda/1691_4c54a4fc8a46fd.jpg,honda,honda,0.9999929666519165,True
/Users/afrazrupak/CarProject_dev/car_project_dev/yolo_cls_car_makes_front_rear/test/honda/1600_66a6439f1346e4.jpg,honda,honda,0.9945886135101318,True
/Users/afrazrupak/CarProject_dev/car_project_dev/yolo_cls_car_makes_front_rear/test/honda/1591_6f021db7eeafbe.jpg,honda,honda,0.9999983310699463,True
/Users/afrazrupak/CarProject_dev/car_project_dev/yolo_cls_car_makes_front_rear/test/honda/1700_e64326f0003528.jpg,honda,honda,0.9998443126678467,True
/Users/afrazrupak/CarProject_dev/car_project_dev/yolo_cls_car_makes_front_rear/test/honda/1648_aa1c6da94f7410.jpg,honda,honda,0.9994210004806519,True
/Users/afrazrupak/CarProject_dev/car_project_dev/yolo_cls_car_makes_front_rear/test/honda/1608_4237310b992acc.jpg,honda,honda,0.9999430179595947,True
/Users/afrazrupak/CarProject_dev/car_project_dev/yolo_cls_car_makes_front_rear/test/honda/1623_d3ad0faf6e29a6.jpg,honda,honda,0.9999384880065918,True
/Users/afrazrupak/CarProject_dev/car_project_dev/yolo_cls_car_makes_front_rear/test/honda/1634_d04814b193e969.jpg,honda,honda,0.9999799728393555,True
/Users/afrazrupak/CarProject_dev/car_project_dev/yolo_cls_car_makes_front_rear/test/honda/1673_9e22cc7cb3f840.jpg,honda,honda,1.0,True
/Users/afrazrupak/CarProject_dev/car_project_dev/yolo_cls_car_makes_front_rear/test/hyundai/1919_4f5f671f62227a.jpg,hyundai,hyundai,0.9997641444206238,True
/Users/afrazrupak/CarProject_dev/car_project_dev/yolo_cls_car_makes_front_rear/test/hyundai/1826_6a3c033ccd5af0.jpg,hyundai,hyundai,0.9999240636825562,True
/Users/afrazrupak/CarProject_dev/car_project_dev/yolo_cls_car_makes_front_rear/test/hyundai/1926_b780cda879e083.jpg,hyundai,hyundai,0.999996542930603,True
/Users/afrazrupak/CarProject_dev/car_project_dev/yolo_cls_car_makes_front_rear/test/hyundai/1774_346ffe0ffd508d.jpg,hyundai,byd,0.5804237723350525,False
/Users/afrazrupak/CarProject_dev/car_project_dev/yolo_cls_car_makes_front_rear/test/hyundai/1938_3c92cfd3a7af37.jpg,hyundai,hyundai,0.9993357062339783,True
/Users/afrazrupak/CarProject_dev/car_project_dev/yolo_cls_car_makes_front_rear/test/hyundai/1922_6f012145256a5b.jpg,hyundai,hyundai,0.9999704360961914,True
/Users/afrazrupak/CarProject_dev/car_project_dev/yolo_cls_car_makes_front_rear/test/hyundai/1761_13238e8a47e140.jpg,hyundai,hyundai,1.0,True
/Users/afrazrupak/CarProject_dev/car_project_dev/yolo_cls_car_makes_front_rear/test/hyundai/1910_b5d946f2d8c97a.jpg,hyundai,benz,0.8856866955757141,False
/Users/afrazrupak/CarProject_dev/car_project_dev/yolo_cls_car_makes_front_rear/test/hyundai/1890_336a5850fbdb67.jpg,hyundai,hyundai,0.9925941824913025,True
/Users/afrazrupak/CarProject_dev/car_project_dev/yolo_cls_car_makes_front_rear/test/hyundai/1820_03c6c82b09477f.jpg,hyundai,hyundai,0.9973710775375366,True
/Users/afrazrupak/CarProject_dev/car_project_dev/yolo_cls_car_makes_front_rear/test/hyundai/1841_e6703338479e04.jpg,hyundai,hyundai,0.9993855953216553,True
/Users/afrazrupak/CarProject_dev/car_project_dev/yolo_cls_car_makes_front_rear/test/hyundai/1777_225cbc10f7030d.jpg,hyundai,hyundai,0.7830163240432739,True
/Users/afrazrupak/CarProject_dev/car_project_dev/yolo_cls_car_makes_front_rear/test/hyundai/1762_0349972d2d1ba7.jpg,hyundai,hyundai,0.9996660947799683,True
/Users/afrazrupak/CarProject_dev/car_project_dev/yolo_cls_car_makes_front_rear/test/hyundai/1941_be0c4f74f0dff7.jpg,hyundai,hyundai,0.9755190014839172,True
/Users/afrazrupak/CarProject_dev/car_project_dev/yolo_cls_car_makes_front_rear/test/hyundai/1779_d0952e6d6c73b3.jpg,hyundai,hyundai,0.9995255470275879,True
/Users/afrazrupak/CarProject_dev/car_project_dev/yolo_cls_car_makes_front_rear/test/hyundai/1908_2bfcc7d31764fc.jpg,hyundai,hyundai,0.9949312806129456,True
/Users/afrazrupak/CarProject_dev/car_project_dev/yolo_cls_car_makes_front_rear/test/hyundai/1895_ec952b7e3ac80a.jpg,hyundai,hyundai,0.9999998807907104,True
/Users/afrazrupak/CarProject_dev/car_project_dev/yolo_cls_car_makes_front_rear/test/hyundai/1830_7b156a5bf8cb5b.jpg,hyundai,hyundai,0.9999988079071045,True
/Users/afrazrupak/CarProject_dev/car_project_dev/yolo_cls_car_makes_front_rear/test/hyundai/1909_1080bbfa9b5c71.jpg,hyundai,benz,0.5835409760475159,False
/Users/afrazrupak/CarProject_dev/car_project_dev/yolo_cls_car_makes_front_rear/test/hyundai/1884_cae0f30dc0b334.jpg,hyundai,hyundai,0.9999969005584717,True
/Users/afrazrupak/CarProject_dev/car_project_dev/yolo_cls_car_makes_front_rear/test/hyundai/1893_44ec2dd20e5475.jpg,hyundai,hyundai,0.9995703101158142,True
/Users/afrazrupak/CarProject_dev/car_project_dev/yolo_cls_car_makes_front_rear/test/kia/2024_4e607a739b06d0.jpg,kia,kia,0.9999303817749023,True
/Users/afrazrupak/CarProject_dev/car_project_dev/yolo_cls_car_makes_front_rear/test/kia/2080_e949d64a6c6f58.jpg,kia,kia,0.9986894726753235,True
/Users/afrazrupak/CarProject_dev/car_project_dev/yolo_cls_car_makes_front_rear/test/kia/2071_2f216b8a03ba84.jpg,kia,kia,0.9988064765930176,True
/Users/afrazrupak/CarProject_dev/car_project_dev/yolo_cls_car_makes_front_rear/test/kia/2066_34ba5288f4775e.jpg,kia,kia,0.9999969005584717,True
/Users/afrazrupak/CarProject_dev/car_project_dev/yolo_cls_car_makes_front_rear/test/kia/1959_8374d1e63b0ec9.jpg,kia,kia,0.9999939203262329,True
/Users/afrazrupak/CarProject_dev/car_project_dev/yolo_cls_car_makes_front_rear/test/kia/2067_189b5c422165aa.jpg,kia,kia,1.0,True
/Users/afrazrupak/CarProject_dev/car_project_dev/yolo_cls_car_makes_front_rear/test/kia/2110_807ec239907633.jpg,kia,kia,0.9999896287918091,True
/Users/afrazrupak/CarProject_dev/car_project_dev/yolo_cls_car_makes_front_rear/test/kia/2028_ff6c265911759b.jpg,kia,kia,0.9794390201568604,True
/Users/afrazrupak/CarProject_dev/car_project_dev/yolo_cls_car_makes_front_rear/test/kia/2132_961d29a6a770a8.jpg,kia,kia,0.9173710942268372,True
/Users/afrazrupak/CarProject_dev/car_project_dev/yolo_cls_car_makes_front_rear/test/kia/2124_88a5af3824bf71.jpg,kia,kia,0.9999969005584717,True
/Users/afrazrupak/CarProject_dev/car_project_dev/yolo_cls_car_makes_front_rear/test/kia/1983_51a0a44244fe80.jpg,kia,bmw,0.9284459948539734,False
/Users/afrazrupak/CarProject_dev/car_project_dev/yolo_cls_car_makes_front_rear/test/kia/2161_d7b51fe1c509e4.jpg,kia,kia,0.7929075360298157,True
/Users/afrazrupak/CarProject_dev/car_project_dev/yolo_cls_car_makes_front_rear/test/kia/1965_b9df6d17d6543c.jpg,kia,kia,0.9999998807907104,True
/Users/afrazrupak/CarProject_dev/car_project_dev/yolo_cls_car_makes_front_rear/test/kia/2151_f38116e747307b.jpg,kia,kia,0.9999643564224243,True
/Users/afrazrupak/CarProject_dev/car_project_dev/yolo_cls_car_makes_front_rear/test/kia/2148_6f85bc46094966.jpg,kia,kia,0.9999022483825684,True
/Users/afrazrupak/CarProject_dev/car_project_dev/yolo_cls_car_makes_front_rear/test/kia/2000_93f8406b8d0371.jpg,kia,kia,0.9966004490852356,True
/Users/afrazrupak/CarProject_dev/car_project_dev/yolo_cls_car_makes_front_rear/test/kia/2127_a878e91448e1e1.jpg,kia,kia,0.8210836052894592,True
/Users/afrazrupak/CarProject_dev/car_project_dev/yolo_cls_car_makes_front_rear/test/kia/1960_632d945e0455cb.jpg,kia,kia,0.8097832798957825,True
/Users/afrazrupak/CarProject_dev/car_project_dev/yolo_cls_car_makes_front_rear/test/kia/1958_61d28acd6478d7.jpg,kia,kia,0.994576096534729,True
/Users/afrazrupak/CarProject_dev/car_project_dev/yolo_cls_car_makes_front_rear/test/kia/2147_4c9389bc0e4e81.jpg,kia,kia,0.9962785840034485,True
/Users/afrazrupak/CarProject_dev/car_project_dev/yolo_cls_car_makes_front_rear/test/kia/1995_800c99d45937c5.jpg,kia,kia,0.9999979734420776,True
/Users/afrazrupak/CarProject_dev/car_project_dev/yolo_cls_car_makes_front_rear/test/kia/2029_3b0688bcb38a2e.jpg,kia,kia,0.9897197484970093,True
/Users/afrazrupak/CarProject_dev/car_project_dev/yolo_cls_car_makes_front_rear/test/lexus/3277_f734861fe76c26.jpg,lexus,lexus,0.9999971389770508,True
/Users/afrazrupak/CarProject_dev/car_project_dev/yolo_cls_car_makes_front_rear/test/lexus/3169_c75147f809db5d.jpg,lexus,ford,0.6420001983642578,False
/Users/afrazrupak/CarProject_dev/car_project_dev/yolo_cls_car_makes_front_rear/test/lexus/3289_5211b435b5b4e9.jpg,lexus,lexus,0.9999986886978149,True
/Users/afrazrupak/CarProject_dev/car_project_dev/yolo_cls_car_makes_front_rear/test/lexus/3141_954cedb4501471.jpg,lexus,lexus,0.9967029690742493,True
/Users/afrazrupak/CarProject_dev/car_project_dev/yolo_cls_car_makes_front_rear/test/lexus/3276_e60071ee55abfc.jpg,lexus,lexus,1.0,True
/Users/afrazrupak/CarProject_dev/car_project_dev/yolo_cls_car_makes_front_rear/test/lexus/3173_7d05eba60f5b33.jpg,lexus,lexus,0.9999988079071045,True
/Users/afrazrupak/CarProject_dev/car_project_dev/yolo_cls_car_makes_front_rear/test/lexus/3183_c02d7fb68ac363.jpg,lexus,lexus,0.9890164136886597,True
/Users/afrazrupak/CarProject_dev/car_project_dev/yolo_cls_car_makes_front_rear/test/lexus/3197_9ec7489e9648d0.jpg,lexus,lexus,0.9998478889465332,True
/Users/afrazrupak/CarProject_dev/car_project_dev/yolo_cls_car_makes_front_rear/test/lexus/3281_564cbf8f9de68a.jpg,lexus,lexus,0.997991681098938,True
/Users/afrazrupak/CarProject_dev/car_project_dev/yolo_cls_car_makes_front_rear/test/lexus/3140_98995656e64166.jpg,lexus,lexus,0.9958798885345459,True
/Users/afrazrupak/CarProject_dev/car_project_dev/yolo_cls_car_makes_front_rear/test/lexus/3298_5aa2d6c979f2b2.jpg,lexus,lexus,0.9998574256896973,True
/Users/afrazrupak/CarProject_dev/car_project_dev/yolo_cls_car_makes_front_rear/test/lexus/3216_9fe2932067c3a2.jpg,lexus,lexus,1.0,True
/Users/afrazrupak/CarProject_dev/car_project_dev/yolo_cls_car_makes_front_rear/test/lexus/3150_1b33e01fed58da.jpg,lexus,lexus,0.9999996423721313,True
/Users/afrazrupak/CarProject_dev/car_project_dev/yolo_cls_car_makes_front_rear/test/lexus/3274_cb28d6a40c629b.jpg,lexus,lexus,1.0,True
/Users/afrazrupak/CarProject_dev/car_project_dev/yolo_cls_car_makes_front_rear/test/lexus/3137_3b56a367db08f9.jpg,lexus,lexus,0.9799098968505859,True
/Users/afrazrupak/CarProject_dev/car_project_dev/yolo_cls_car_makes_front_rear/test/lexus/3284_f32ae57f16f4e5.jpg,lexus,lexus,1.0,True
/Users/afrazrupak/CarProject_dev/car_project_dev/yolo_cls_car_makes_front_rear/test/lexus/3278_ae84b30579dd2b.jpg,lexus,lexus,1.0,True
/Users/afrazrupak/CarProject_dev/car_project_dev/yolo_cls_car_makes_front_rear/test/mazda/2206_3664ca96f1fa88.jpg,mazda,mazda,0.9863730669021606,True
/Users/afrazrupak/CarProject_dev/car_project_dev/yolo_cls_car_makes_front_rear/test/mazda/2171_c7f99d863047f5.jpg,mazda,mazda,0.9999997615814209,True
/Users/afrazrupak/CarProject_dev/car_project_dev/yolo_cls_car_makes_front_rear/test/mazda/2191_4c7a24f6e99de1.jpg,mazda,mazda,1.0,True
/Users/afrazrupak/CarProject_dev/car_project_dev/yolo_cls_car_makes_front_rear/test/mazda/2176_4f766f303bed3c.jpg,mazda,mazda,0.9999252557754517,True
/Users/afrazrupak/CarProject_dev/car_project_dev/yolo_cls_car_makes_front_rear/test/mazda/2211_add1780159af3f.jpg,mazda,mazda,0.9999938011169434,True
/Users/afrazrupak/CarProject_dev/car_project_dev/yolo_cls_car_makes_front_rear/test/mazda/2321_edb6bdc53024f5.jpg,mazda,mazda,0.9999990463256836,True
/Users/afrazrupak/CarProject_dev/car_project_dev/yolo_cls_car_makes_front_rear/test/mazda/2309_d5ccb2343e6c32.jpg,mazda,mazda,0.9982320666313171,True
/Users/afrazrupak/CarProject_dev/car_project_dev/yolo_cls_car_makes_front_rear/test/mazda/2243_278ba5f72c389a.jpg,mazda,benz,0.4141191244125366,False
/Users/afrazrupak/CarProject_dev/car_project_dev/yolo_cls_car_makes_front_rear/test/mazda/2225_8966663350f7ca.jpg,mazda,mazda,0.9991525411605835,True
/Users/afrazrupak/CarProject_dev/car_project_dev/yolo_cls_car_makes_front_rear/test/mazda/2200_970a95a1291317.jpg,mazda,mazda,0.9988804459571838,True
/Users/afrazrupak/CarProject_dev/car_project_dev/yolo_cls_car_makes_front_rear/test/mazda/2275_b526397d116d90.jpg,mazda,mazda,0.9999203681945801,True
/Users/afrazrupak/CarProject_dev/car_project_dev/yolo_cls_car_makes_front_rear/test/mazda/2270_032e3c0ea9263c.jpg,mazda,mazda,0.9999996423721313,True
/Users/afrazrupak/CarProject_dev/car_project_dev/yolo_cls_car_makes_front_rear/test/mazda/2167_e2539fdca07384.jpg,mazda,mazda,0.9999997615814209,True
/Users/afrazrupak/CarProject_dev/car_project_dev/yolo_cls_car_makes_front_rear/test/mazda/2312_1de284758b1834.jpg,mazda,mazda,0.9997881054878235,True
/Users/afrazrupak/CarProject_dev/car_project_dev/yolo_cls_car_makes_front_rear/test/mazda/2297_0d59379579f132.jpg,mazda,mazda,1.0,True
/Users/afrazrupak/CarProject_dev/car_project_dev/yolo_cls_car_makes_front_rear/test/mazda/2260_c8a0c5ba4a8639.jpg,mazda,mazda,0.9992734789848328,True
/Users/afrazrupak/CarProject_dev/car_project_dev/yolo_cls_car_makes_front_rear/test/mazda/2285_344a3ebd3d91dd.jpg,mazda,mazda,0.9964189529418945,True
/Users/afrazrupak/CarProject_dev/car_project_dev/yolo_cls_car_makes_front_rear/test/mini/2369_3aa01fdf911a54.jpg,mini,mini,0.9999569654464722,True
/Users/afrazrupak/CarProject_dev/car_project_dev/yolo_cls_car_makes_front_rear/test/mini/2339_c5db18fcb16c8b.jpg,mini,mini,0.999998927116394,True
/Users/afrazrupak/CarProject_dev/car_project_dev/yolo_cls_car_makes_front_rear/test/mini/2434_2e8f69df12b258.jpg,mini,mini,1.0,True
/Users/afrazrupak/CarProject_dev/car_project_dev/yolo_cls_car_makes_front_rear/test/mini/2433_aeb0f896743c85.jpg,mini,mini,1.0,True
/Users/afrazrupak/CarProject_dev/car_project_dev/yolo_cls_car_makes_front_rear/test/mini/2409_7a963e17d2034d.jpg,mini,mini,0.9999996423721313,True
/Users/afrazrupak/CarProject_dev/car_project_dev/yolo_cls_car_makes_front_rear/test/mini/2350_e97090b60aeb8e.jpg,mini,mini,0.9999994039535522,True
/Users/afrazrupak/CarProject_dev/car_project_dev/yolo_cls_car_makes_front_rear/test/mini/2382_78563fb036cca6.jpg,mini,mini,1.0,True
/Users/afrazrupak/CarProject_dev/car_project_dev/yolo_cls_car_makes_front_rear/test/mini/2393_15de7ccaa6710c.jpg,mini,mini,1.0,True
/Users/afrazrupak/CarProject_dev/car_project_dev/yolo_cls_car_makes_front_rear/test/mini/2413_67681c3a87f778.jpg,mini,mini,0.9999904632568359,True
/Users/afrazrupak/CarProject_dev/car_project_dev/yolo_cls_car_makes_front_rear/test/mini/2406_58a33a3ee0c004.jpg,mini,mini,0.9999970197677612,True
/Users/afrazrupak/CarProject_dev/car_project_dev/yolo_cls_car_makes_front_rear/test/mini/2379_54939935a717a2.jpg,mini,mini,0.9999464750289917,True
/Users/afrazrupak/CarProject_dev/car_project_dev/yolo_cls_car_makes_front_rear/test/nissan/2526_e8ec3ae5a3c2e9.jpg,nissan,nissan,0.9999337196350098,True
/Users/afrazrupak/CarProject_dev/car_project_dev/yolo_cls_car_makes_front_rear/test/nissan/2534_b3d252d69240e2.jpg,nissan,ford,0.557310163974762,False
/Users/afrazrupak/CarProject_dev/car_project_dev/yolo_cls_car_makes_front_rear/test/nissan/2634_bc8bd63c38b067.jpg,nissan,nissan,0.9998974800109863,True
/Users/afrazrupak/CarProject_dev/car_project_dev/yolo_cls_car_makes_front_rear/test/nissan/2552_b03f6e21defac8.jpg,nissan,nissan,0.5212004780769348,True
/Users/afrazrupak/CarProject_dev/car_project_dev/yolo_cls_car_makes_front_rear/test/nissan/2455_d58ca05ce685e1.jpg,nissan,nissan,0.8864007592201233,True
/Users/afrazrupak/CarProject_dev/car_project_dev/yolo_cls_car_makes_front_rear/test/nissan/2454_05b9c21c9fd78d.jpg,nissan,nissan,0.8828322887420654,True
/Users/afrazrupak/CarProject_dev/car_project_dev/yolo_cls_car_makes_front_rear/test/nissan/2576_7d764f8980d83e.jpg,nissan,nissan,0.9999731779098511,True
/Users/afrazrupak/CarProject_dev/car_project_dev/yolo_cls_car_makes_front_rear/test/nissan/2511_159e0e7bc4b5a6.jpg,nissan,nissan,0.9961483478546143,True
/Users/afrazrupak/CarProject_dev/car_project_dev/yolo_cls_car_makes_front_rear/test/nissan/2542_5181b4c628c915.jpg,nissan,nissan,0.9999599456787109,True
/Users/afrazrupak/CarProject_dev/car_project_dev/yolo_cls_car_makes_front_rear/test/nissan/2484_c94274214f2dd6.jpg,nissan,nissan,0.9999402761459351,True
/Users/afrazrupak/CarProject_dev/car_project_dev/yolo_cls_car_makes_front_rear/test/nissan/2446_4823530859292e.jpg,nissan,nissan,0.9986217021942139,True
/Users/afrazrupak/CarProject_dev/car_project_dev/yolo_cls_car_makes_front_rear/test/nissan/2535_7d83612ef2e37e.jpg,nissan,toyota,0.7567563056945801,False
/Users/afrazrupak/CarProject_dev/car_project_dev/yolo_cls_car_makes_front_rear/test/nissan/2533_048bcbca0d6201.jpg,nissan,nissan,0.980711042881012,True
/Users/afrazrupak/CarProject_dev/car_project_dev/yolo_cls_car_makes_front_rear/test/nissan/2545_976189dcbfa594.jpg,nissan,nissan,0.5990920662879944,True
/Users/afrazrupak/CarProject_dev/car_project_dev/yolo_cls_car_makes_front_rear/test/nissan/2453_1fef9734364244.jpg,nissan,nissan,0.9987924098968506,True
/Users/afrazrupak/CarProject_dev/car_project_dev/yolo_cls_car_makes_front_rear/test/nissan/2602_3c6c18ef6783fd.jpg,nissan,nissan,0.5749930739402771,True
/Users/afrazrupak/CarProject_dev/car_project_dev/yolo_cls_car_makes_front_rear/test/nissan/2472_7f04e4c17567e0.jpg,nissan,nissan,0.9999843835830688,True
/Users/afrazrupak/CarProject_dev/car_project_dev/yolo_cls_car_makes_front_rear/test/nissan/2645_a50812f9020d64.jpg,nissan,nissan,1.0,True
/Users/afrazrupak/CarProject_dev/car_project_dev/yolo_cls_car_makes_front_rear/test/nissan/2624_50b7c42dd68c4a.jpg,nissan,nissan,0.9793622493743896,True
/Users/afrazrupak/CarProject_dev/car_project_dev/yolo_cls_car_makes_front_rear/test/nissan/2558_c25acb98def565.jpg,nissan,ford,0.9974687099456787,False
/Users/afrazrupak/CarProject_dev/car_project_dev/yolo_cls_car_makes_front_rear/test/nissan/2603_31e1d1a4791f1a.jpg,nissan,nissan,0.9999954700469971,True
/Users/afrazrupak/CarProject_dev/car_project_dev/yolo_cls_car_makes_front_rear/test/nissan/2617_b7dfbbea19dc4a.jpg,nissan,nissan,0.9999970197677612,True
/Users/afrazrupak/CarProject_dev/car_project_dev/yolo_cls_car_makes_front_rear/test/suzuki/2982_4ce1ab66033f81.jpg,suzuki,suzuki,0.9996966123580933,True
/Users/afrazrupak/CarProject_dev/car_project_dev/yolo_cls_car_makes_front_rear/test/suzuki/3049_c6b77862c1512b.jpg,suzuki,suzuki,0.9901669025421143,True
/Users/afrazrupak/CarProject_dev/car_project_dev/yolo_cls_car_makes_front_rear/test/suzuki/3078_a787fb750797c2.jpg,suzuki,suzuki,0.9999988079071045,True
/Users/afrazrupak/CarProject_dev/car_project_dev/yolo_cls_car_makes_front_rear/test/suzuki/3115_7456c37b8423e8.jpg,suzuki,suzuki,0.9898911714553833,True
/Users/afrazrupak/CarProject_dev/car_project_dev/yolo_cls_car_makes_front_rear/test/suzuki/2956_6e67ea55426df4.jpg,suzuki,suzuki,0.9996143579483032,True
/Users/afrazrupak/CarProject_dev/car_project_dev/yolo_cls_car_makes_front_rear/test/suzuki/3105_c006510bac02f3.jpg,suzuki,suzuki,0.9991552829742432,True
/Users/afrazrupak/CarProject_dev/car_project_dev/yolo_cls_car_makes_front_rear/test/suzuki/2959_331646a3b2a0f2.jpg,suzuki,suzuki,0.9984385371208191,True
/Users/afrazrupak/CarProject_dev/car_project_dev/yolo_cls_car_makes_front_rear/test/suzuki/3082_026755ea273af8.jpg,suzuki,suzuki,0.999866247177124,True
/Users/afrazrupak/CarProject_dev/car_project_dev/yolo_cls_car_makes_front_rear/test/suzuki/2963_7c8adaae51c250.jpg,suzuki,suzuki,0.9808202981948853,True
/Users/afrazrupak/CarProject_dev/car_project_dev/yolo_cls_car_makes_front_rear/test/suzuki/2999_d6ca9d17e6cfff.jpg,suzuki,suzuki,0.9999923706054688,True
/Users/afrazrupak/CarProject_dev/car_project_dev/yolo_cls_car_makes_front_rear/test/suzuki/3003_cf3228bdcc2880.jpg,suzuki,suzuki,0.999927282333374,True
/Users/afrazrupak/CarProject_dev/car_project_dev/yolo_cls_car_makes_front_rear/test/suzuki/2952_dd45347de31486.jpg,suzuki,suzuki,0.9999997615814209,True
/Users/afrazrupak/CarProject_dev/car_project_dev/yolo_cls_car_makes_front_rear/test/suzuki/2991_4f5e44ccd2225e.jpg,suzuki,suzuki,0.912312924861908,True
/Users/afrazrupak/CarProject_dev/car_project_dev/yolo_cls_car_makes_front_rear/test/suzuki/2961_8eecbdb45e7f9f.jpg,suzuki,suzuki,0.9752238392829895,True
/Users/afrazrupak/CarProject_dev/car_project_dev/yolo_cls_car_makes_front_rear/test/suzuki/2946_93d04b34f5bdce.jpg,suzuki,suzuki,0.9999459981918335,True
/Users/afrazrupak/CarProject_dev/car_project_dev/yolo_cls_car_makes_front_rear/test/suzuki/3108_ce513c7632112d.jpg,suzuki,suzuki,0.9922688603401184,True
/Users/afrazrupak/CarProject_dev/car_project_dev/yolo_cls_car_makes_front_rear/test/suzuki/2945_ddad48e49039fd.jpg,suzuki,suzuki,0.9999169111251831,True
/Users/afrazrupak/CarProject_dev/car_project_dev/yolo_cls_car_makes_front_rear/test/suzuki/2979_1fed8084d33c00.jpg,suzuki,suzuki,0.9995235204696655,True
/Users/afrazrupak/CarProject_dev/car_project_dev/yolo_cls_car_makes_front_rear/test/toyota/2854_39e69e6e09644a.jpg,toyota,toyota,0.9952285289764404,True
/Users/afrazrupak/CarProject_dev/car_project_dev/yolo_cls_car_makes_front_rear/test/toyota/2704_ce5b51b1bd8ade.jpg,toyota,toyota,0.9998648166656494,True
/Users/afrazrupak/CarProject_dev/car_project_dev/yolo_cls_car_makes_front_rear/test/toyota/2798_d73ff47d27fbc4.jpg,toyota,toyota,0.9999408721923828,True
/Users/afrazrupak/CarProject_dev/car_project_dev/yolo_cls_car_makes_front_rear/test/toyota/2742_2a3d0db76c4f5d.jpg,toyota,toyota,0.9999914169311523,True
/Users/afrazrupak/CarProject_dev/car_project_dev/yolo_cls_car_makes_front_rear/test/toyota/2743_75c6c59c368064.jpg,toyota,kia,0.7858808636665344,False
/Users/afrazrupak/CarProject_dev/car_project_dev/yolo_cls_car_makes_front_rear/test/toyota/2926_a2d928895a1b1b.jpg,toyota,toyota,0.9962557554244995,True
/Users/afrazrupak/CarProject_dev/car_project_dev/yolo_cls_car_makes_front_rear/test/toyota/2810_9cf1b38c62c145.jpg,toyota,mazda,0.7292627692222595,False
/Users/afrazrupak/CarProject_dev/car_project_dev/yolo_cls_car_makes_front_rear/test/toyota/2806_bbc5d27db5e92e.jpg,toyota,toyota,0.9903354644775391,True
/Users/afrazrupak/CarProject_dev/car_project_dev/yolo_cls_car_makes_front_rear/test/toyota/2728_5c496f89deb212.jpg,toyota,toyota,0.9994786381721497,True
/Users/afrazrupak/CarProject_dev/car_project_dev/yolo_cls_car_makes_front_rear/test/toyota/2663_fa42f86fdf92be.jpg,toyota,toyota,0.9999997615814209,True
/Users/afrazrupak/CarProject_dev/car_project_dev/yolo_cls_car_makes_front_rear/test/toyota/2823_9aaecf0e33a737.jpg,toyota,toyota,0.9975462555885315,True
/Users/afrazrupak/CarProject_dev/car_project_dev/yolo_cls_car_makes_front_rear/test/toyota/2940_17eee4015cf635.jpg,toyota,benz,0.7553043961524963,False
/Users/afrazrupak/CarProject_dev/car_project_dev/yolo_cls_car_makes_front_rear/test/toyota/2702_7ddd69b3600f4d.jpg,toyota,toyota,0.9999139308929443,True
/Users/afrazrupak/CarProject_dev/car_project_dev/yolo_cls_car_makes_front_rear/test/toyota/2909_7ad6cb90937230.jpg,toyota,toyota,0.9996895790100098,True
/Users/afrazrupak/CarProject_dev/car_project_dev/yolo_cls_car_makes_front_rear/test/toyota/2781_1d85b10c775151.jpg,toyota,toyota,0.9999774694442749,True
/Users/afrazrupak/CarProject_dev/car_project_dev/yolo_cls_car_makes_front_rear/test/toyota/2930_647d3e38719ce4.jpg,toyota,toyota,0.9999994039535522,True
/Users/afrazrupak/CarProject_dev/car_project_dev/yolo_cls_car_makes_front_rear/test/toyota/2811_691afcde3ff728.jpg,toyota,toyota,0.7587096095085144,True
/Users/afrazrupak/CarProject_dev/car_project_dev/yolo_cls_car_makes_front_rear/test/toyota/2868_a90af09e024e0d.jpg,toyota,toyota,0.9999552965164185,True
/Users/afrazrupak/CarProject_dev/car_project_dev/yolo_cls_car_makes_front_rear/test/toyota/2689_a5e236c5c6ed71.jpg,toyota,toyota,0.9999840259552002,True
/Users/afrazrupak/CarProject_dev/car_project_dev/yolo_cls_car_makes_front_rear/test/toyota/2851_a5b4501bc9385d.jpg,toyota,toyota,0.9999845027923584,True
/Users/afrazrupak/CarProject_dev/car_project_dev/yolo_cls_car_makes_front_rear/test/toyota/2838_8406e50784b9da.jpg,toyota,toyota,0.9993114471435547,True
/Users/afrazrupak/CarProject_dev/car_project_dev/yolo_cls_car_makes_front_rear/test/toyota/2855_a1bf85cd5d5d1f.jpg,toyota,toyota,0.9991642236709595,True
/Users/afrazrupak/CarProject_dev/car_project_dev/yolo_cls_car_makes_front_rear/test/toyota/2731_a00e1e6b0e0ab0.jpg,toyota,toyota,0.9999871253967285,True
/Users/afrazrupak/CarProject_dev/car_project_dev/yolo_cls_car_makes_front_rear/test/toyota/2794_3bb6391efc5241.jpg,toyota,toyota,0.9999772310256958,True
/Users/afrazrupak/CarProject_dev/car_project_dev/yolo_cls_car_makes_front_rear/test/toyota/2872_47ce74be8bdbb7.jpg,toyota,toyota,0.9413756728172302,True
/Users/afrazrupak/CarProject_dev/car_project_dev/yolo_cls_car_makes_front_rear/test/toyota/2700_89041d7ff8bfe6.jpg,toyota,toyota,0.9934438467025757,True
/Users/afrazrupak/CarProject_dev/car_project_dev/yolo_cls_car_makes_front_rear/test/toyota/2923_4986ec88c23a73.jpg,toyota,toyota,0.9865712523460388,True
/Users/afrazrupak/CarProject_dev/car_project_dev/yolo_cls_car_makes_front_rear/test/toyota/2879_4eef124ca74308.jpg,toyota,toyota,0.9999867677688599,True
